City_ID,City,Country,Lat,Lng,Max Temp,Humidity,Cloudiness,Wind Speed,Current Description
0,Cap Malheureux,MU,-19.9842,57.6142,78.48,70,5,3.0,clear sky
1,Cape Town,ZA,-33.9258,18.4232,61.27,90,75,3.0,moderate rain
2,Mataura,NZ,-46.1927,168.8643,55.47,47,92,5.06,overcast clouds
3,Bandarbeyla,SO,9.4942,50.8122,76.21,64,5,16.08,clear sky
4,Salalah,OM,17.0151,54.0924,71.31,41,0,7.54,clear sky
5,Srednekolymsk,RU,67.45,153.6833,-48.75,100,73,4.61,broken clouds
6,New Norfolk,AU,-42.7826,147.0587,64.65,50,45,1.99,scattered clouds
7,Carnarvon,AU,-24.8667,113.6333,77.07,69,0,17.27,clear sky
8,Albany,US,42.6001,-73.9662,37.58,61,97,4.61,overcast clouds
9,Flinders,AU,-34.5833,150.8552,69.19,68,98,7.27,overcast clouds
10,Tigil,RU,57.8,158.6667,22.75,92,100,23.91,snow
11,Hithadhoo,MV,-0.6,73.0833,81.27,78,100,12.3,overcast clouds
12,Ushuaia,AR,-54.8,-68.3,47.86,53,40,25.32,scattered clouds
13,Mar Del Plata,AR,-38.0023,-57.5575,63.88,78,0,15.99,clear sky
14,Kashan,IR,33.9831,51.4364,49.08,40,45,4.61,scattered clouds
15,Magnolia,US,33.2671,-93.2393,73.08,73,100,8.08,overcast clouds
16,Hobart,AU,-42.8794,147.3294,65.01,55,75,4.0,broken clouds
17,Komsomolskiy,UZ,40.4272,71.7189,38.62,80,100,6.91,mist
18,Pizarro,CO,4.9533,-77.366,76.64,93,100,9.28,light rain
19,Port Lincoln,AU,-34.7333,135.8667,64.36,61,3,5.55,clear sky
20,Faanui,PF,-16.4833,-151.75,81.37,66,44,17.02,scattered clouds
21,Hargeysa,SO,9.56,44.065,55.65,96,31,6.44,scattered clouds
22,Port Alfred,ZA,-33.5906,26.891,68.59,92,100,5.99,overcast clouds
23,Georgetown,MY,5.4112,100.3354,77.9,78,20,9.22,few clouds
24,Saint-Pierre,RE,-21.3393,55.4781,76.64,72,0,6.91,clear sky
25,Rikitea,PF,-23.1203,-134.9692,76.5,74,99,8.61,overcast clouds
26,Okha,RU,53.5739,142.9478,8.33,94,84,5.86,broken clouds
27,Pevek,RU,69.7008,170.3133,-9.47,96,100,17.13,light snow
28,Saint-Philippe,RE,-21.3585,55.7679,76.55,79,37,10.47,scattered clouds
29,Pucara,PE,-15.9803,-71.4606,37.53,88,100,8.72,moderate rain
30,Thompson,CA,55.7435,-97.8558,-18.24,69,1,9.22,clear sky
31,Katghora,IN,22.5,82.55,62.31,77,84,5.28,broken clouds
32,Longyearbyen,SJ,78.2186,15.6401,15.64,73,75,11.5,broken clouds
33,Mizusawa,JP,39.1333,141.1333,28.72,77,9,0.96,clear sky
34,Butaritari,KI,3.0707,172.7902,80.82,83,100,11.97,moderate rain
35,Vaini,TO,-21.2,-175.2,84.36,84,40,11.5,scattered clouds
36,San Rafael,AR,-34.6177,-68.3301,77.79,38,1,10.11,clear sky
37,Canby,US,45.2629,-122.6926,47.44,74,1,1.99,clear sky
38,Turtas,RU,58.9417,69.1325,0.21,94,32,4.27,scattered clouds
39,Quesnel,CA,52.9999,-122.5029,18.1,93,1,3.44,clear sky
40,Artyom,AZ,40.4723,50.333,50.14,85,100,21.56,overcast clouds
41,Christchurch,NZ,-43.5333,172.6333,53.02,87,75,10.36,broken clouds
42,Castro,BR,-24.7911,-50.0119,63.46,90,88,3.58,overcast clouds
43,Avera,US,33.194,-82.5271,66.07,69,100,5.03,overcast clouds
44,Boysun,UZ,38.2061,67.1986,39.06,66,2,4.16,clear sky
45,Bluff,NZ,-46.6,168.3333,55.8,50,59,14.12,broken clouds
46,Atuona,PF,-9.8,-139.0333,78.46,76,5,18.14,clear sky
47,Constitucion,CL,-35.3333,-72.4167,63.73,68,5,4.94,clear sky
48,Punta Arenas,CL,-53.15,-70.9167,53.71,43,20,18.41,few clouds
49,Baruun-Urt,MN,46.6806,113.2792,18.28,71,2,8.25,clear sky
50,Hermanus,ZA,-34.4187,19.2345,60.91,94,100,10.36,light rain
51,Fairbanks,US,64.8378,-147.7164,8.92,77,75,0.0,broken clouds
52,Rabat,MA,33.9911,-6.8401,53.04,100,32,0.0,scattered clouds
53,Ostrovnoy,RU,68.0531,39.5131,9.59,73,83,23.38,broken clouds
54,Tutoia,BR,-2.7619,-42.2744,81.36,83,27,13.67,scattered clouds
55,Wajir,KE,1.7471,40.0573,78.75,67,64,12.44,broken clouds
56,Eyl,SO,7.9803,49.8164,74.7,67,38,13.38,scattered clouds
57,Mangan,IN,27.5167,88.5333,59.16,45,36,7.0,scattered clouds
58,Trinidad,BO,-14.8333,-64.9,75.18,94,90,0.0,moderate rain
59,Kalmunai,LK,7.4167,81.8167,76.86,87,8,2.04,clear sky
60,Chokurdakh,RU,70.6333,147.9167,-42.14,99,57,5.82,broken clouds
61,Fortuna,US,40.5982,-124.1573,54.32,91,90,1.01,overcast clouds
62,Nikolskoye,RU,59.7035,30.7861,-0.6,97,8,4.56,clear sky
63,Arraial Do Cabo,BR,-22.9661,-42.0278,75.16,88,20,16.11,few clouds
64,Vardo,NO,70.3705,31.1107,7.0,78,19,22.3,few clouds
65,Chikola,RU,43.1906,43.9209,36.45,58,9,4.52,clear sky
66,Tasiilaq,GL,65.6145,-37.6368,29.86,92,99,24.56,light snow
67,Necochea,AR,-38.5473,-58.7368,63.03,75,0,9.17,clear sky
68,Hilo,US,19.7297,-155.09,74.93,91,90,11.5,heavy intensity rain
69,Qaanaaq,GL,77.484,-69.3632,20.52,81,100,6.4,overcast clouds
70,Busselton,AU,-33.65,115.3333,62.04,67,58,17.4,broken clouds
71,Bredasdorp,ZA,-34.5322,20.0403,59.29,96,100,8.48,light rain
72,Celmira,PA,8.5433,-82.8028,82.58,93,31,2.84,scattered clouds
73,Jamestown,US,42.097,-79.2353,44.33,37,90,13.0,overcast clouds
74,Port-Gentil,GA,-0.7193,8.7815,80.56,94,75,8.05,thunderstorm with light rain
75,Pisco,PE,-13.7,-76.2167,68.05,83,75,16.11,broken clouds
76,Noumea,NC,-22.2763,166.4572,85.98,99,90,5.14,overcast clouds
77,Olinda,BR,-8.0089,-34.8553,82.13,74,40,10.36,scattered clouds
78,Tuktoyaktuk,CA,69.4541,-133.0374,-18.4,76,1,8.05,clear sky
79,Fereydun Kenar,IR,36.6864,52.5225,58.24,53,13,3.58,few clouds
80,Inta,RU,66.0317,60.1659,-1.07,98,99,10.51,overcast clouds
81,Chimbarongo,CL,-34.7,-71.05,88.18,24,0,6.11,clear sky
82,Ayagoz,KZ,47.9714,80.4392,17.17,87,88,1.9,overcast clouds
83,Qujing,CN,25.4833,103.7833,42.15,95,36,2.3,scattered clouds
84,Sisimiut,GL,66.9395,-53.6735,27.18,70,100,29.53,overcast clouds
85,Lebu,CL,-37.6167,-73.65,61.21,74,0,14.38,clear sky
86,Victoria,HK,22.2855,114.1577,64.33,56,34,10.0,scattered clouds
87,Tiksi,RU,71.6872,128.8694,-16.01,95,100,6.11,overcast clouds
88,Bay City,US,43.5945,-83.8889,34.57,93,90,1.99,snow
89,Gobabis,NA,-22.45,18.9667,68.97,14,0,8.75,clear sky
90,Kaya,BF,13.0917,-1.0844,77.0,12,13,8.03,few clouds
91,Sanming,CN,26.2486,117.6186,47.07,94,0,1.25,clear sky
92,Narsaq,GL,60.9167,-46.05,25.02,68,100,21.85,overcast clouds
93,Yellowknife,CA,62.456,-114.3525,-20.58,85,20,2.3,few clouds
94,Lobatse,BW,-25.2167,25.6667,63.72,93,73,3.78,broken clouds
95,Champerico,GT,14.3,-91.9167,90.14,67,3,6.71,clear sky
96,Egvekinot,RU,66.3167,-179.1667,-2.18,82,93,27.42,overcast clouds
97,Saskylakh,RU,71.9167,114.0833,-30.32,98,100,4.5,overcast clouds
98,Guanica,PR,17.9716,-66.908,81.21,82,100,7.0,overcast clouds
99,Sahuaripa,MX,29.05,-109.2333,79.88,14,0,3.6,clear sky
100,Bowen,AU,-20.0167,148.2333,84.42,59,15,15.86,few clouds
101,Soligalich,RU,59.0778,42.2864,-4.49,99,43,2.37,scattered clouds
102,Torbay,CA,47.6666,-52.7314,32.68,77,40,11.5,scattered clouds
103,Vyazma,RU,55.2104,34.2951,17.22,99,100,3.65,overcast clouds
104,Dikson,RU,73.5069,80.5464,-2.0,94,100,9.86,overcast clouds
105,Axim,GH,4.8699,-2.2405,80.37,83,42,8.57,scattered clouds
106,Kodiak,US,57.79,-152.4072,31.51,80,90,0.0,overcast clouds
107,Maniitsoq,GL,65.4167,-52.9,26.24,76,100,32.35,light snow
108,Ambilobe,MG,-13.2,49.05,75.56,72,4,2.89,clear sky
109,Kendari,ID,-3.945,122.4989,75.72,93,100,0.69,overcast clouds
110,Kaitangata,NZ,-46.2817,169.8464,53.92,55,92,8.08,overcast clouds
111,Black Diamond,US,47.3087,-122.0032,42.24,85,98,1.01,overcast clouds
112,Upernavik,GL,72.7868,-56.1549,25.09,74,100,3.29,overcast clouds
113,Kapaa,US,22.0752,-159.319,79.12,69,40,4.0,scattered clouds
114,Impfondo,CG,1.6381,18.0667,72.27,94,100,2.68,overcast clouds
115,Marawi,PH,7.9986,124.2928,65.64,94,100,2.15,overcast clouds
116,Santa Vitoria,BR,-18.8386,-50.1214,80.33,61,80,4.47,broken clouds
117,Fayaoue,NC,-20.65,166.5333,80.85,71,23,7.31,few clouds
118,Torata,PE,-17.0769,-70.8433,60.03,62,99,5.35,overcast clouds
119,Barrow,US,71.2906,-156.7887,12.22,79,90,21.85,haze
120,Dzilam Gonzalez,MX,21.2833,-88.9333,76.32,67,0,6.78,clear sky
121,Cabo San Lucas,MX,22.8909,-109.9124,80.51,58,75,2.3,broken clouds
122,Vitim,RU,59.4511,112.5578,5.5,98,100,2.01,overcast clouds
123,Coihaique,CL,-45.5752,-72.0662,67.95,45,40,6.91,scattered clouds
124,Sarankhola,BD,22.3082,89.7897,69.51,98,100,4.92,overcast clouds
125,Saint George,US,37.1041,-113.5841,70.36,24,1,1.01,clear sky
126,Dno,RU,57.8277,29.9637,1.58,98,98,5.88,overcast clouds
127,Walvis Bay,NA,-22.9575,14.5053,59.09,82,0,8.05,clear sky
128,Shima,CN,24.4478,117.8111,62.22,76,0,3.44,clear sky
129,Geraldton,AU,-28.7667,114.6,74.12,56,1,13.8,clear sky
130,High Level,CA,58.5169,-117.136,-20.09,83,1,3.44,smoke
131,Clyde River,CA,70.4692,-68.5914,10.63,85,100,27.63,light snow
132,Hokitika,NZ,-42.7167,170.9667,61.5,55,96,6.93,overcast clouds
133,Vila Franca Do Campo,PT,37.7167,-25.4333,63.19,85,37,3.8,scattered clouds
134,Mahebourg,MU,-20.4081,57.7,78.26,78,40,8.05,scattered clouds
135,Bongandanga,CD,1.5,21.05,71.33,97,100,0.4,overcast clouds
136,Touros,BR,-5.1989,-35.4608,81.5,78,63,15.64,broken clouds
137,Kitui,KE,-1.367,38.0106,62.11,88,54,2.82,broken clouds
138,Pringsewu,ID,-5.3582,104.9744,72.91,97,100,1.12,overcast clouds
139,Aransas Pass,US,27.9095,-97.15,77.09,91,1,10.0,clear sky
140,Visnes,NO,59.3556,5.2242,32.58,69,100,16.11,overcast clouds
141,Ardea,IT,41.6123,12.5143,48.76,83,40,4.0,scattered clouds
142,Biak,ID,-0.9131,122.8766,77.49,87,100,3.85,overcast clouds
143,Tatui,BR,-23.3556,-47.8569,73.18,64,49,9.95,scattered clouds
144,Yumen,CN,40.2833,97.2,24.57,51,21,16.04,few clouds
145,Zheshart,RU,62.0731,49.5733,-6.99,100,93,2.89,overcast clouds
146,Sinnamary,GF,5.3833,-52.95,77.58,88,95,8.28,overcast clouds
147,Caravelas,BR,-17.7125,-39.2481,74.43,87,0,5.01,clear sky
148,Chuy,UY,-33.6971,-53.4616,65.3,82,98,7.87,overcast clouds
149,Cockburn Town,TC,21.4612,-71.1419,80.62,77,67,21.63,broken clouds
150,Odweyne,SO,9.4092,45.064,61.72,56,10,2.82,clear sky
151,Leningradskiy,RU,69.3833,178.4167,-3.69,98,100,15.05,light snow
152,Tahlequah,US,35.9154,-94.97,69.08,68,90,9.22,overcast clouds
153,Teknaf,BD,20.8624,92.3058,74.41,87,90,5.77,overcast clouds
154,Svetlyy,RU,54.675,20.1347,26.65,92,100,13.6,overcast clouds
155,Khandyga,RU,62.6667,135.6,-12.51,98,100,4.29,overcast clouds
156,Sovetskiy,RU,61.3614,63.5842,-2.72,96,99,3.47,light snow
157,Sorong,ID,-0.8833,131.25,81.14,83,96,4.5,overcast clouds
158,Port Blair,IN,11.6667,92.75,78.39,70,24,11.43,few clouds
159,Biltine,TD,14.5333,20.9167,75.15,21,4,9.84,clear sky
160,Jumla,NP,29.2747,82.1838,40.21,86,71,2.91,broken clouds
161,Bambous Virieux,MU,-20.3428,57.7575,78.22,78,40,8.05,scattered clouds
162,Ojinaga,MX,29.5667,-104.4167,76.57,33,1,0.0,clear sky
163,Sao Desiderio,BR,-12.3633,-44.9733,70.77,92,74,2.93,broken clouds
164,Beringovskiy,RU,63.05,179.3167,6.84,81,100,35.99,overcast clouds
165,Dingle,PH,10.9995,122.6711,73.22,89,40,6.87,scattered clouds
166,Port Elizabeth,ZA,-33.918,25.5701,65.1,100,90,16.11,overcast clouds
167,Klaksvik,FO,62.2266,-6.589,38.32,64,50,19.48,scattered clouds
168,Padang,ID,-0.9492,100.3543,73.45,86,99,3.91,overcast clouds
169,Peruibe,BR,-24.32,-46.9983,71.56,95,84,7.14,broken clouds
170,Bengkulu,ID,-3.8004,102.2655,74.98,88,94,6.49,overcast clouds
171,Lloydminster,CA,53.2835,-110.0016,-4.32,71,1,6.91,clear sky
172,Broome,US,42.2506,-75.833,42.22,59,90,1.99,overcast clouds
173,Annau,TM,37.8876,58.516,35.1,100,58,0.0,fog
174,Andenes,NO,69.3143,16.1194,21.18,73,40,17.27,scattered clouds
175,Sao Filipe,CV,14.8961,-24.4956,75.49,73,66,12.39,broken clouds
176,Kinsale,IE,51.7075,-8.5306,46.24,93,75,9.22,broken clouds
177,Pouebo,NC,-20.4,164.5667,82.69,68,21,7.2,few clouds
178,North Bend,US,43.4065,-124.2243,53.51,87,1,3.44,clear sky
179,Ponta Do Sol,PT,32.6667,-17.1,65.03,70,27,9.31,scattered clouds
180,Grand Gaube,MU,-20.0064,57.6608,78.39,70,7,5.01,clear sky
181,Oneida,US,43.2001,-75.4663,40.44,76,90,3.0,overcast clouds
182,Los Llanos De Aridane,ES,28.6585,-17.9182,64.15,62,75,15.01,broken clouds
183,Harper,LR,4.375,-7.7169,80.4,81,24,8.75,few clouds
184,Cayenne,GF,4.9333,-52.3333,77.09,90,90,2.3,overcast clouds
185,Nome,US,64.5011,-165.4064,32.07,87,90,25.32,mist
186,Dalvik,IS,65.9702,-18.5286,40.93,80,100,10.2,moderate rain
187,Kuito,AO,-12.3833,16.9333,58.78,93,98,2.77,overcast clouds
188,Coquimbo,CL,-29.9533,-71.3436,58.73,82,75,11.5,broken clouds
189,Oriximina,BR,-1.7656,-55.8661,80.78,73,93,3.6,overcast clouds
190,Qandala,SO,11.472,49.8728,73.94,66,8,4.45,clear sky
191,Ribeira Grande,PT,38.5167,-28.7,63.93,73,72,7.83,broken clouds
192,Tilichiki,RU,60.4667,166.1,-0.13,96,88,3.65,overcast clouds
193,Arak,IR,34.0917,49.6892,40.98,26,15,4.16,few clouds
194,Luderitz,NA,-26.6481,15.1594,60.75,88,0,10.04,clear sky
195,Taltal,CL,-25.4,-70.4833,65.77,70,26,4.72,scattered clouds
196,Ciudad Guayana,VE,8.3533,-62.6528,79.52,84,72,8.68,broken clouds
197,Mattru,SL,7.6244,-11.8332,76.3,88,46,1.74,scattered clouds
198,Lata,PT,40.1629,-8.3327,54.01,95,47,2.8,scattered clouds
199,Najran,SA,17.4924,44.1277,52.45,38,0,1.48,clear sky
200,Bellmead,US,31.594,-97.1089,77.11,70,75,12.66,broken clouds
201,Atoyac,MX,20.0167,-103.5333,77.36,48,100,3.96,overcast clouds
202,Shiyan,CN,32.6475,110.7781,45.12,70,0,4.5,clear sky
203,Avarua,CK,-21.2078,-159.775,82.45,78,20,8.05,moderate rain
204,Kruisfontein,ZA,-34.0033,24.7314,62.89,92,73,10.11,broken clouds
205,Idlib,SY,35.9306,36.6339,38.59,46,1,2.64,clear sky
206,Puerto Ayora,EC,-0.7393,-90.3518,69.64,85,53,9.62,broken clouds
207,Luau,AO,-10.7073,22.2247,62.19,94,56,2.89,light rain
208,Rawson,AR,-43.3002,-65.1023,64.81,58,29,14.47,scattered clouds
209,Lompoc,US,34.6391,-120.4579,79.09,77,1,21.0,clear sky
210,Barcelona,ES,41.3888,2.159,47.86,60,0,1.99,clear sky
211,East London,ZA,-33.0153,27.9116,68.79,94,100,4.61,overcast clouds
212,Prado,BR,-17.3411,-39.2208,75.0,87,0,6.06,clear sky
213,Meulaboh,ID,4.1363,96.1285,75.85,87,93,3.69,overcast clouds
214,Hay River,CA,60.8156,-115.7999,-16.62,76,1,4.61,clear sky
215,Desna,UA,50.9273,30.7605,29.8,93,100,8.61,light snow
216,Kemijarvi,FI,66.7131,27.4306,-0.22,97,20,3.58,few clouds
217,Mildura,AU,-34.2,142.15,73.36,18,56,0.0,broken clouds
218,Banmankhi,IN,25.8833,87.1833,66.99,77,65,4.85,broken clouds
219,Lagoa,PT,39.05,-27.9833,63.07,75,84,11.9,broken clouds
220,Yabelo,ET,4.8833,38.0833,58.17,57,24,13.67,few clouds
221,Skibbereen,IE,51.55,-9.2667,44.4,96,100,14.76,overcast clouds
222,Lorengau,PG,-2.0226,147.2712,86.27,72,65,16.33,light rain
223,Emerald,AU,-23.5333,148.1667,80.74,69,40,9.22,scattered clouds
224,Nishihara,JP,26.1842,127.7558,69.08,64,40,14.97,scattered clouds
225,Sorland,NO,67.667,12.6934,26.83,65,76,10.69,broken clouds
226,Port Hedland,AU,-20.3167,118.5667,96.85,20,98,17.27,overcast clouds
227,Nuuk,GL,64.1835,-51.7216,27.21,74,75,25.32,light snow
228,Zvenigovo,RU,55.9742,48.0181,18.55,81,81,5.84,broken clouds
229,Mayor Pablo Lagerenza,PY,-19.9309,-60.7718,73.96,79,99,5.01,overcast clouds
230,Whitehorse,CA,60.7161,-135.0538,-6.9,76,40,18.01,scattered clouds
231,Timra,SE,62.487,17.3257,14.68,74,90,13.8,light snow
232,Salto Del Guaira,PY,-24.0625,-54.3069,80.1,71,61,4.45,broken clouds
233,Khatanga,RU,71.9667,102.5,-22.14,100,97,6.8,overcast clouds
234,Tete,MZ,-16.1564,33.5867,82.69,38,27,5.44,scattered clouds
235,Faya,SA,18.3851,42.4509,53.71,70,0,1.79,clear sky
236,Maragheh,IR,37.3917,46.2398,40.51,31,100,4.52,overcast clouds
237,Preeceville,CA,51.95,-102.6677,-6.83,90,100,12.91,overcast clouds
238,Ilulissat,GL,69.2167,-51.1,30.22,64,75,13.8,broken clouds
239,Susanville,US,40.4163,-120.653,59.81,39,1,3.44,clear sky
240,Areosa,PT,41.7178,-8.8571,53.33,87,47,10.83,scattered clouds
241,Bathsheba,BB,13.2167,-59.5167,81.21,74,40,20.71,scattered clouds
242,Alice Springs,AU,-23.7,133.8833,76.55,47,3,8.05,clear sky
243,Inhambane,MZ,-23.865,35.3833,77.05,85,0,9.69,clear sky
244,Timbauba,BR,-7.5053,-35.3183,78.08,82,21,9.69,few clouds
245,Mayo,US,38.8876,-76.5119,50.99,66,1,0.0,clear sky
246,San Joaquin,US,37.9333,-121.3011,66.45,71,90,3.44,overcast clouds
247,Mount Isa,AU,-20.7333,139.5,78.57,57,100,16.11,overcast clouds
248,Orbetello,IT,42.4408,11.2196,48.24,72,12,7.2,few clouds
249,Petropavlovsk-Kamchatskiy,RU,53.0452,158.6483,25.39,63,75,6.71,broken clouds
250,Tabou,CI,4.423,-7.3528,80.42,81,17,7.94,few clouds
251,Sarangani,PH,5.4033,125.4636,81.99,77,61,10.45,light rain
252,Shahreza,IR,32.0339,51.8794,45.39,25,100,3.11,overcast clouds
253,Filadelfia,US,39.9523,-75.1638,48.61,66,75,3.0,broken clouds
254,Tuatapere,NZ,-46.1333,167.6833,55.81,51,84,6.85,broken clouds
255,Viedma,AR,-40.8135,-62.9967,72.45,33,0,18.59,clear sky
256,Seminole,US,28.7086,-81.2081,74.5,77,90,8.05,overcast clouds
257,Iqaluit,CA,63.7506,-68.5145,10.13,66,90,15.99,light snow
258,Yurimaguas,PE,-5.9,-76.0833,80.76,67,40,3.44,moderate rain
259,Cidreira,BR,-30.1811,-50.2056,69.64,87,50,14.76,scattered clouds
260,Airai,TL,-8.9266,125.4092,65.5,85,99,1.07,overcast clouds
261,Zaozerne,UA,45.1582,33.2787,47.95,82,47,8.77,scattered clouds
262,Severo-Kurilsk,RU,50.6789,156.125,31.68,77,94,16.49,overcast clouds
263,Souillac,MU,-20.5167,57.5167,78.37,78,40,8.05,scattered clouds
264,Nouakchott,MR,18.0858,-15.9785,76.93,28,100,11.54,overcast clouds
265,Paamiut,GL,61.994,-49.6678,25.16,68,100,13.98,light snow
266,Nelson Bay,AU,-32.7167,152.15,71.11,62,100,1.99,overcast clouds
267,Cherskiy,RU,68.75,161.3,-46.23,100,86,4.12,overcast clouds
268,Kedougou,SN,12.5579,-12.1743,78.71,19,33,2.15,scattered clouds
269,Castelo Branco,PT,39.8222,-7.4909,43.79,78,34,9.24,scattered clouds
270,Praia Da Vitoria,PT,38.7333,-27.0667,61.05,88,75,4.88,broken clouds
271,Deputatskiy,RU,69.3,139.9,-24.68,97,100,2.91,overcast clouds
272,Shumskiy,RU,54.8318,99.1328,17.76,86,70,4.09,broken clouds
273,Erenhot,CN,43.6475,111.9767,21.09,81,3,2.21,clear sky
274,Jiwani,PK,25.05,61.7417,73.85,36,6,6.98,clear sky
275,Nebolchi,RU,59.1239,33.3454,0.03,89,28,6.91,scattered clouds
276,Bilibino,RU,68.0546,166.4372,-19.23,99,100,2.53,light snow
277,Kieta,PG,-6.2167,155.6333,82.81,76,100,2.24,overcast clouds
278,Chiang Kham,TH,19.5233,100.3,54.05,77,63,1.36,broken clouds
279,Mazyr,BY,52.0495,29.2456,28.53,93,100,5.46,overcast clouds
280,Kuhdasht,IR,33.535,47.6061,46.2,30,5,6.55,clear sky
281,Ancud,CL,-41.8697,-73.8203,71.42,68,38,5.48,scattered clouds
282,Aklavik,CA,68.2191,-135.0107,-6.77,88,11,8.41,few clouds
283,Shenzhen,CN,22.5455,114.0683,64.22,68,27,5.28,scattered clouds
284,Kohlu,PK,29.8962,69.252,45.82,41,3,2.55,clear sky
285,Isangel,VU,-19.55,169.2667,84.31,74,75,5.75,broken clouds
286,Hambantota,LK,6.1241,81.1185,77.05,89,9,7.05,clear sky
287,Kota Kinabalu,MY,5.9749,116.0724,75.18,100,20,4.61,few clouds
288,Kamaishi,JP,39.2667,141.8833,29.35,74,7,7.34,clear sky
289,Galesong,ID,-5.3166,119.3661,77.02,89,100,1.95,light rain
290,Saint-Augustin,CA,51.226,-58.6502,22.55,61,100,8.1,overcast clouds
291,Kayerkan,RU,69.3497,87.7602,-17.48,75,100,17.9,light snow
292,Platanos,GR,37.6667,21.6167,56.57,84,68,6.38,light rain
293,Wingham,CA,43.8879,-81.3114,29.39,91,100,20.6,snow
294,Namibe,AO,-15.1961,12.1522,72.28,62,4,6.42,clear sky
295,Volosovo,RU,59.4333,29.4833,-3.35,94,27,6.6,scattered clouds
296,Kahului,US,20.8947,-156.47,74.84,90,90,9.22,moderate rain
297,Asfi,MA,32.2994,-9.2372,57.79,81,0,20.56,clear sky
298,Heishan,CN,41.6892,122.1128,33.8,56,100,12.44,overcast clouds
299,Codrington,AU,-38.2667,141.9667,70.02,41,99,10.29,overcast clouds
300,Gambela,ET,8.25,34.5833,80.28,41,31,3.47,scattered clouds
301,Mahibadhoo,MV,3.7833,72.9667,82.17,73,33,13.18,scattered clouds
302,Springdale,US,36.1867,-94.1288,68.2,89,90,17.0,overcast clouds
303,Samana,DO,19.2056,-69.3369,78.76,89,18,9.44,few clouds
304,Tuzha,RU,57.6062,47.936,5.09,84,20,4.5,few clouds
305,Ponta Delgada,PT,37.7333,-25.6667,63.5,63,75,1.14,broken clouds
306,Kununurra,AU,-15.7667,128.7333,76.98,94,90,9.22,overcast clouds
307,Husavik,IS,66.0449,-17.3389,40.91,73,100,27.47,moderate rain
308,Hualmay,PE,-11.0964,-77.6139,67.33,84,100,10.49,overcast clouds
309,Ewa Beach,US,21.3156,-158.0072,74.01,78,90,5.75,moderate rain
310,Batie,BF,9.8833,-2.9167,79.23,16,18,3.87,few clouds
311,Evensk,RU,61.95,159.2333,-14.67,80,24,7.94,few clouds
312,Kalemie,CD,-5.9475,29.1947,71.33,79,100,2.1,light rain
313,Lavrentiya,RU,65.5833,-171.0,29.25,96,100,19.08,snow
314,Mbanza-Ngungu,CD,-5.25,14.8667,70.11,92,92,1.14,overcast clouds
315,Sakaiminato,JP,35.55,133.2333,35.58,100,20,3.44,few clouds
316,Provideniya,RU,64.3833,-173.3,28.51,93,90,20.13,snow
317,Sompeta,IN,18.9333,84.6,73.22,88,90,3.36,overcast clouds
318,Oldmeldrum,GB,57.3349,-2.3199,34.2,86,41,1.01,scattered clouds
319,Moose Factory,CA,51.2585,-80.6094,10.4,79,1,6.91,clear sky
320,Sambava,MG,-14.2667,50.1667,74.88,88,6,9.51,light rain
321,Samarai,PG,-10.6167,150.6667,83.43,73,99,9.62,overcast clouds
322,Talnakh,RU,69.4865,88.3972,-16.8,99,100,13.47,snow
323,Maloy,NO,61.9353,5.1136,37.06,78,100,5.01,light snow
324,Waitati,NZ,-45.75,170.5667,54.81,66,99,4.21,overcast clouds
325,Krasnyy Kommunar,RU,51.9644,55.3668,28.47,100,90,6.71,light snow
326,Neuquen,AR,-38.9516,-68.0591,84.09,30,0,8.05,clear sky
327,Turayf,SA,31.6725,38.6637,46.65,81,0,9.22,clear sky
328,Gondanglegi,ID,-7.7479,112.0132,75.7,90,100,6.35,overcast clouds
329,Araouane,ML,18.9048,-3.5265,62.91,14,62,11.16,broken clouds
330,Port Hardy,CA,50.6996,-127.4199,39.2,86,90,4.61,overcast clouds
331,Tongliao,CN,43.6125,122.2653,21.56,81,81,9.24,broken clouds
332,Lazaro Cardenas,MX,17.9583,-102.2,82.15,69,65,5.12,broken clouds
333,Bani,DO,18.2833,-70.3333,77.86,76,18,11.14,few clouds
334,Port Macquarie,AU,-31.4333,152.9167,71.89,69,99,6.2,overcast clouds
335,Ostrov,RU,57.3439,28.3537,6.53,96,85,6.04,overcast clouds
336,Nouadhibou,MR,20.931,-17.0347,67.98,49,39,9.22,dust
337,Agua Dulce,MX,18.1333,-94.1333,76.78,85,49,6.11,scattered clouds
338,Oranjestad,AW,12.524,-70.027,82.35,78,20,16.11,few clouds
339,Aloleng,PH,16.1307,119.7824,74.26,72,70,8.97,broken clouds
340,Severnyy,RU,50.677,36.5532,24.84,86,100,4.47,overcast clouds
341,Erzin,TR,36.9559,36.2,48.72,45,0,4.09,clear sky
342,Kempsey,AU,-31.0833,152.8333,71.94,80,97,3.0,overcast clouds
343,Solomenskoye,RU,44.2167,44.3528,41.83,60,48,2.1,scattered clouds
344,Ternate,ID,0.8,127.4,82.45,79,95,8.97,overcast clouds
345,Burnie,AU,-41.0667,145.9167,59.49,81,95,14.56,overcast clouds
346,Norman Wells,CA,65.282,-126.8329,-29.16,68,75,4.61,broken clouds
347,Rajapur,IN,25.3833,81.15,63.45,70,2,3.51,clear sky
348,Moree,AU,-29.4667,149.85,77.02,53,59,17.27,broken clouds
349,Dandong,CN,40.1292,124.3947,35.78,86,89,3.42,overcast clouds
350,Orthez,FR,43.4884,-0.7724,50.43,92,73,6.24,broken clouds
351,Yudong,CN,29.385,106.5194,57.36,87,0,0.49,clear sky
352,Khorramshahr,IR,30.4397,48.1664,60.76,77,0,6.91,clear sky
353,Hamada,JP,34.8833,132.0833,39.99,62,11,4.03,few clouds
354,Grants Pass,US,42.439,-123.3284,56.08,81,90,0.0,mist
355,Celestun,MX,20.8667,-90.4,75.61,67,0,11.23,clear sky
356,Mayahi,NE,13.9553,7.6712,68.58,16,35,10.96,scattered clouds
357,Marsaxlokk,MT,35.8419,14.5431,57.81,82,20,12.66,few clouds
358,Huinan,CN,42.6225,126.2614,31.19,93,100,5.12,overcast clouds
359,Dicabisagan,PH,17.0818,122.4157,73.17,84,89,5.93,overcast clouds
360,Aguimes,ES,27.9054,-15.4461,63.23,63,40,20.71,scattered clouds
361,Payo,ID,-3.7508,103.6372,73.89,95,100,2.21,overcast clouds
362,Changzhou,CN,31.7833,119.9667,41.92,83,0,3.83,clear sky
363,Peniche,PT,39.3558,-9.3811,56.62,76,83,17.67,broken clouds
364,Altay,CN,47.8667,88.1167,26.64,55,98,8.19,overcast clouds
365,Mandera,KE,3.9366,41.867,81.21,40,55,4.36,broken clouds
366,Flin Flon,CA,54.7682,-101.865,-11.36,70,20,5.75,few clouds
367,Hoi An,VN,15.8794,108.335,67.96,79,100,9.53,overcast clouds
368,Piacabucu,BR,-10.4056,-36.4344,78.28,83,64,11.48,broken clouds
369,Nabire,ID,-3.3667,135.4833,85.23,64,92,5.06,overcast clouds
370,Trelew,AR,-43.249,-65.3051,65.86,52,9,15.61,clear sky
371,Shakawe,BW,-18.3667,21.85,71.69,68,100,6.22,overcast clouds
372,Tucuma,BR,-0.1833,-50.05,76.57,93,64,5.93,moderate rain
373,Safaga,EG,26.7292,33.9365,62.55,44,100,13.06,overcast clouds
374,Providencia,MX,28.7167,-111.5833,86.05,32,0,13.89,clear sky
375,Pampa,US,35.5362,-100.9599,72.55,19,1,5.75,clear sky
376,Shostka,UA,51.863,33.4698,27.99,82,100,7.56,overcast clouds
377,Teahupoo,PF,-17.8333,-149.2667,80.56,73,87,18.25,overcast clouds
378,Shache,CN,38.4167,77.2406,30.2,33,100,2.48,overcast clouds
379,Kautokeino,NO,69.0125,23.0412,-21.64,100,93,5.35,overcast clouds
380,Sobolevo,RU,54.4299,31.8996,23.58,97,100,5.03,overcast clouds
381,Gamba,GA,-2.65,10.0,78.03,89,100,4.34,light rain
382,Warri,NG,5.5167,5.75,77.97,90,98,3.31,overcast clouds
383,Puerto Baquerizo Moreno,EC,-0.9,-89.6,68.38,88,33,10.94,scattered clouds
384,Charters Towers,AU,-20.1,146.2667,85.69,42,4,14.09,clear sky
385,Chegdomyn,RU,51.1167,133.0167,12.42,94,100,2.42,light snow
386,Boa Vista,BR,2.8197,-60.6733,84.18,61,75,9.22,broken clouds
387,Zyryanka,RU,65.75,150.85,-43.55,96,88,5.61,overcast clouds
388,Aleksandrovka,UA,46.8383,32.7612,40.51,82,100,8.1,overcast clouds
389,Zarand,IR,30.8127,56.564,53.02,19,99,6.76,overcast clouds
390,Guiglo,CI,6.5456,-7.4966,74.77,89,79,2.33,light rain
391,Halifax,CA,44.6453,-63.5724,30.2,79,70,1.01,broken clouds
392,Lasa,IT,46.6166,10.7002,30.61,92,95,5.59,overcast clouds
393,Saint-Jean-Port-Joli,CA,47.2171,-70.2658,16.81,66,99,9.13,overcast clouds
394,Suluq,LY,31.6682,20.2521,59.45,47,23,9.42,few clouds
395,Tuyan,PH,6.0,125.2833,80.69,77,64,2.13,broken clouds
396,Tual,ID,-5.6667,132.75,82.17,80,99,14.7,moderate rain
397,Sabang,ID,5.8933,95.3214,80.92,77,91,14.92,overcast clouds
398,Manjacaze,MZ,-24.7117,33.8828,75.87,67,28,7.34,scattered clouds
399,Saquena,PE,-4.6667,-73.5167,73.56,99,95,1.16,overcast clouds
400,Verkhoyansk,RU,67.5447,133.385,-20.25,99,100,1.01,overcast clouds
401,Bubaque,GW,11.2833,-15.8333,81.5,68,100,12.53,overcast clouds
402,Pemba,MZ,-12.974,40.5178,80.56,79,57,8.72,broken clouds
403,Ola,RU,59.5833,151.2833,-10.08,93,69,6.26,broken clouds
404,Dudinka,RU,69.4058,86.1778,-16.38,98,100,20.36,light snow
405,Pacific Grove,US,36.6177,-121.9166,69.62,83,40,1.99,scattered clouds
406,Basco,PH,20.4487,121.9702,75.15,73,81,23.13,broken clouds
407,Cootamundra,AU,-34.65,148.0333,64.94,50,100,12.28,light rain
408,San Quintin,MX,30.4833,-115.95,62.85,77,0,13.31,clear sky
409,Sitka,US,57.0531,-135.33,35.49,75,90,8.05,light snow
410,Lulea,SE,65.5842,22.1547,-3.93,84,90,4.61,light shower snow
411,Koumac,NC,-20.5667,164.2833,83.86,65,16,3.31,few clouds
412,Nurota,UZ,40.5614,65.6886,35.69,79,2,5.03,clear sky
413,Orel-Izumrud,RU,43.4583,39.9244,50.02,76,90,8.95,overcast clouds
414,Denpasar,ID,-8.65,115.2167,76.71,94,75,24.16,thunderstorm with rain
415,Sept-Iles,CA,50.2001,-66.3821,12.72,62,20,4.61,few clouds
416,Plettenberg Bay,ZA,-34.0527,23.3716,64.47,86,98,11.79,light rain
417,Batemans Bay,AU,-35.7167,150.1833,67.19,56,100,5.03,overcast clouds
418,Ixtapa,MX,20.7,-105.2,81.63,65,75,6.91,broken clouds
419,Neftegorsk,RU,52.802,51.166,20.97,96,81,5.75,broken clouds
420,Evanston,US,42.0411,-87.6901,40.35,95,90,4.0,mist
421,Spartanburg,US,34.9496,-81.9321,58.26,62,90,0.0,overcast clouds
422,Vostok,RU,46.4856,135.8833,22.21,94,51,5.99,broken clouds
423,Muisne,EC,0.6,-80.0333,74.53,85,100,9.44,overcast clouds
424,Kualakapuas,ID,-3.0091,114.3876,77.16,94,97,3.29,overcast clouds
425,Karonga,MW,-9.9333,33.9333,78.3,65,45,12.37,scattered clouds
426,Am Timan,TD,11.0297,20.2827,76.87,26,72,7.36,broken clouds
427,Sao Miguel Do Araguaia,BR,-13.275,-50.1628,73.17,93,72,4.47,broken clouds
428,Segezha,RU,63.7415,34.3222,6.31,95,45,4.56,scattered clouds
429,Bembereke,BJ,10.2283,2.6634,73.99,25,100,3.31,overcast clouds
430,Margate,GB,51.3813,1.3862,41.97,92,83,17.2,light rain
431,Tzucacab,MX,20.0667,-89.05,75.51,59,6,2.93,clear sky
432,Tura,IN,25.5198,90.2201,66.45,81,100,3.51,overcast clouds
433,Manzhouli,CN,49.6,117.4333,10.02,89,7,6.67,clear sky
434,Singtam,IN,27.2333,88.5,60.58,63,36,4.76,scattered clouds
435,Shihezi,CN,44.3,86.0333,26.76,80,43,4.05,scattered clouds
436,Cody,US,44.5263,-109.0565,22.3,80,90,8.05,light snow
437,Yar-Sale,RU,66.8333,70.8333,-14.46,90,41,14.58,scattered clouds
438,Shakiso,ET,5.75,38.9167,52.2,71,9,3.6,clear sky
439,Ceuta,ES,35.8903,-5.3075,59.11,70,0,15.41,clear sky
440,Iskateley,RU,67.6803,53.1512,19.71,85,100,18.37,overcast clouds
441,Omboue,GA,-1.5746,9.2618,76.35,94,100,8.3,light rain
442,Rypefjord,NO,70.6333,23.6667,28.87,80,20,24.16,few clouds
443,Crateus,BR,-5.1783,-40.6775,87.66,37,72,3.24,broken clouds
444,Porto Velho,BR,-8.7619,-63.9039,78.85,94,40,0.0,thunderstorm
445,Nemuro,JP,43.3236,145.575,38.89,69,3,14.83,clear sky
446,Barra Do Corda,BR,-5.5,-45.25,75.43,92,83,1.59,broken clouds
447,Maturin,VE,9.75,-63.1767,75.63,82,77,8.08,broken clouds
448,Stephenville,US,32.2207,-98.2023,75.24,68,1,9.22,clear sky
449,Berlevag,NO,70.8578,29.0864,28.4,89,59,25.57,light snow
450,Mumford,GH,5.2618,-0.759,80.49,86,76,8.95,broken clouds
451,Gravdal,NO,68.1214,13.5031,23.65,69,27,10.13,scattered clouds
452,Ulladulla,AU,-35.35,150.4667,69.87,56,100,5.82,overcast clouds
453,The Valley,AI,18.217,-63.0578,81.1,74,20,10.36,few clouds
454,Paragominas,BR,-2.9667,-47.4833,74.86,89,84,3.42,broken clouds
455,Puerto Escondido,MX,15.85,-97.0667,85.03,65,1,5.75,clear sky
456,Yulara,AU,-25.2406,130.9889,73.24,56,75,12.66,broken clouds
457,Kloulklubed,PW,7.0419,134.2556,82.9,76,100,12.48,overcast clouds
458,Katangli,RU,51.7102,143.2326,24.03,83,68,10.04,broken clouds
459,Antsohihy,MG,-14.8796,47.9875,76.08,71,8,4.45,clear sky
460,Manali,IN,13.1667,80.2667,81.07,91,2,1.81,clear sky
461,Jinchang,CN,38.4953,102.1739,27.14,45,28,6.67,scattered clouds
462,Katsuura,JP,35.1333,140.3,51.19,73,100,10.02,overcast clouds
463,San Patricio,US,28.017,-97.5169,79.48,84,100,13.8,overcast clouds
464,Daru,PG,-9.0763,143.2092,83.79,70,100,1.68,overcast clouds
465,Krasnoselkup,RU,65.7,82.4667,-34.85,100,30,4.18,scattered clouds
466,Port Washington,US,40.8257,-73.6982,46.85,50,75,1.99,broken clouds
467,Gore,NZ,-46.1028,168.9436,55.22,53,95,7.45,overcast clouds
468,Chicama,PE,-7.8447,-79.1469,63.14,79,100,6.49,overcast clouds
469,San Miguel,SV,13.4833,-88.1833,91.0,46,20,0.0,few clouds
470,Frontera,MX,26.9333,-101.45,73.33,68,75,0.0,broken clouds
471,Baracoa,CU,20.3467,-74.4958,77.5,88,57,9.17,broken clouds
472,Mawlaik,MM,23.6333,94.4167,67.75,99,99,2.01,overcast clouds
473,Sebeta,ET,8.9167,38.6167,47.97,61,5,2.26,clear sky
474,San Matias,BO,-16.3667,-58.4,74.25,96,99,4.83,moderate rain
475,Sioux Lookout,CA,50.1001,-91.917,21.58,86,90,4.61,light snow
476,Ballyshannon,IE,54.5,-8.1833,41.74,82,100,16.75,light rain
477,Mesyagutovo,RU,55.5303,58.2528,23.25,95,100,4.34,overcast clouds
478,Macau,MO,22.2006,113.5461,64.08,63,0,13.8,clear sky
479,Ayan,RU,56.45,138.1667,22.17,67,100,6.91,overcast clouds
480,Youhao,CN,47.8667,128.8333,17.01,94,73,5.59,broken clouds
481,Watsa,CD,3.0372,29.5355,64.29,82,100,2.95,overcast clouds
482,Mwene-Ditu,CD,-7.0,23.45,65.1,99,98,4.03,light rain
483,Gat,IL,31.61,34.7642,61.39,53,37,8.81,scattered clouds
484,Sao Joao Da Barra,BR,-21.6403,-41.0511,75.6,86,43,14.61,scattered clouds
485,Khakhea,BW,-24.6895,23.494,69.1,77,71,1.3,broken clouds
486,Poway,US,32.9628,-117.0359,75.43,63,1,1.99,haze
487,Gombong,ID,-7.6072,109.5142,82.83,82,98,0.83,overcast clouds
488,Progreso,MX,21.2833,-89.6667,84.31,77,0,12.46,clear sky
489,Kudahuvadhoo,MV,2.6708,72.8944,82.09,75,89,14.16,overcast clouds
490,Rincon,US,32.296,-81.2354,62.56,77,20,3.44,few clouds
491,Belton,US,38.812,-94.5319,62.67,56,1,5.01,clear sky
492,Olafsvik,IS,64.8945,-23.7142,42.01,87,100,12.39,overcast clouds
493,Ziarat,PK,30.3823,67.7282,30.38,38,0,5.28,clear sky
494,Makakilo City,US,21.3469,-158.0858,72.61,78,90,5.75,light rain
495,Mehamn,NO,71.0357,27.8492,28.35,74,90,25.32,light shower snow
496,Cabra,ES,37.4725,-4.4421,47.64,82,4,2.55,clear sky
497,Hami,CN,42.8,93.45,28.47,53,99,3.89,overcast clouds
498,Muros,ES,42.7762,-9.0603,53.24,94,52,3.58,broken clouds
499,Velsk,RU,61.0701,42.0983,0.28,100,96,1.39,overcast clouds
500,Saldanha,ZA,-33.0117,17.9442,60.85,92,20,15.75,few clouds
501,Cairns,AU,-16.9167,145.7667,92.1,58,1,12.66,clear sky
502,Chifeng,CN,42.2683,118.9636,29.23,45,62,6.6,broken clouds
503,Bud,US,39.447,-86.1758,59.09,92,100,15.35,overcast clouds
504,Itoman,JP,26.1247,127.6694,69.82,62,20,10.36,few clouds
505,Porbandar,IN,21.6422,69.6093,71.94,54,0,10.69,clear sky
506,Caxito,AO,-8.5785,13.6643,81.25,93,100,2.01,overcast clouds
507,Linxia,CN,35.6003,103.2064,26.15,62,0,2.44,clear sky
508,Itarema,BR,-2.9248,-39.9167,81.01,80,12,16.82,few clouds
509,Kholm-Zhirkovskiy,RU,55.5189,33.4731,21.27,98,99,4.25,overcast clouds
510,Bichura,RU,50.5881,107.6022,11.79,87,28,3.18,scattered clouds
511,Half Moon Bay,US,37.4636,-122.4286,66.51,75,1,1.99,clear sky
512,Qasigiannguit,GL,68.8193,-51.1922,30.45,62,100,17.34,overcast clouds
513,Fez,MA,34.0372,-4.9998,52.05,87,0,4.61,clear sky
514,Kalengwa,ZM,-13.4659,25.0027,69.58,60,84,5.55,broken clouds
515,Griffith,US,41.5284,-87.4237,46.09,100,90,6.91,light rain
516,Pangnirtung,CA,66.1451,-65.7125,7.14,97,100,6.6,light snow
517,Lucapa,AO,-8.4192,20.7447,64.94,98,63,2.19,broken clouds
518,Naze,JP,28.3667,129.4833,65.32,69,63,17.54,broken clouds
519,Albury,AU,-36.0833,146.9167,70.14,64,86,14.97,overcast clouds
520,Quang Ngai,VN,15.1167,108.8,66.47,94,100,8.39,overcast clouds
521,Adrar,MR,20.5022,-10.0711,60.71,13,100,10.92,overcast clouds
522,At-Bashi,KG,41.1702,75.8106,17.89,67,100,0.89,overcast clouds
523,Vila Velha,BR,-20.3297,-40.2925,78.75,86,40,7.0,scattered clouds
524,Boyolangu,ID,-8.1181,111.8935,76.53,92,100,5.57,overcast clouds
525,Sibolga,ID,1.7427,98.7792,75.97,85,91,2.91,overcast clouds
526,Ngunguru,NZ,-35.6167,174.5,77.16,80,44,13.0,scattered clouds
527,Brae,GB,60.3964,-1.353,40.91,65,74,9.35,broken clouds
528,Beloha,MG,-25.1667,45.05,71.96,95,4,4.05,clear sky
529,Bar Harbor,US,44.3876,-68.2039,31.91,61,1,0.0,clear sky
530,Dwarka,IN,22.2394,68.9678,74.1,57,0,13.51,clear sky
531,Pipirig,RO,47.25,26.0667,30.06,91,84,3.44,broken clouds
532,Takoradi,GH,4.8845,-1.7554,80.17,84,44,8.75,scattered clouds
533,Kapchorwa,UG,1.3965,34.4509,58.96,66,98,5.3,overcast clouds
534,Tena,EC,-0.9833,-77.8167,77.76,97,86,1.79,moderate rain
535,Nedjo,ET,9.5046,35.5019,58.55,44,4,1.77,clear sky
536,Badarwas,IN,24.9667,77.5667,63.0,52,77,4.81,broken clouds
537,Zhigansk,RU,66.7697,123.3711,-27.62,96,100,6.67,overcast clouds
538,Cuenca,EC,-2.8833,-78.9833,62.73,77,75,5.75,light rain
539,Lumeje,AO,-11.55,20.7833,66.47,89,74,2.82,broken clouds
540,Porto Santo,PT,33.072,-16.3415,64.78,59,75,16.11,broken clouds
541,Kandrian,PG,-6.2167,149.55,85.48,67,92,5.3,overcast clouds
542,Bida,NG,9.0833,6.0167,79.09,29,80,4.94,broken clouds
543,Ca Mau,VN,9.1769,105.15,70.5,83,95,7.02,overcast clouds
544,Tocopilla,CL,-22.092,-70.1979,66.79,67,78,2.95,broken clouds
545,Warrnambool,AU,-38.3833,142.4833,70.81,46,98,7.76,overcast clouds
546,Santa Cruz Cabralia,BR,-16.2781,-39.0247,77.23,88,40,3.44,scattered clouds
547,Rovaniemi,FI,66.5,25.7167,-8.19,84,90,5.75,overcast clouds
548,Sakaide,JP,34.3167,133.85,41.34,93,75,6.91,broken clouds
549,Gunjur,GM,13.2019,-16.7339,73.47,94,100,5.75,overcast clouds
550,Makurdi,NG,7.7411,8.5121,79.36,34,50,1.45,scattered clouds
551,Tagusao,PH,9.1924,117.8141,78.76,74,12,4.05,few clouds
552,Anadyr,RU,64.75,177.4833,1.9,84,90,35.01,heavy snow
553,Satwas,IN,22.5333,76.6833,64.49,53,29,4.79,scattered clouds
554,Grootfontein,NA,-19.5667,18.1167,67.57,68,31,3.44,scattered clouds
555,Cacapava Do Sul,BR,-30.5122,-53.4914,64.29,79,82,9.17,broken clouds
556,Zhongshu,CN,24.5167,103.7667,44.76,95,62,2.68,broken clouds
557,Marzuq,YE,14.4,46.4667,58.86,40,3,1.5,clear sky
558,Kilindoni,TZ,-7.9139,39.6668,79.41,80,86,6.17,overcast clouds
559,Tuy Hoa,VN,13.0833,109.3,70.72,93,100,7.9,overcast clouds
560,Amurzet,RU,47.6967,131.0981,19.98,94,100,3.74,light snow
561,Girvan,GB,55.2426,-4.8555,34.32,79,90,13.53,overcast clouds
562,Gari,RU,59.4307,62.3497,4.06,92,89,3.65,light snow
563,Vuktyl,RU,63.8567,57.3094,-12.96,93,7,0.13,clear sky
564,Palmer,US,42.1584,-72.3287,38.8,65,75,3.44,broken clouds
565,Canto Do Buriti,BR,-8.11,-42.9444,75.69,82,66,2.3,broken clouds
566,Yanam,IN,16.7333,82.2167,74.16,94,10,3.4,clear sky
567,Mayskiy,RU,47.6931,40.1025,38.44,89,100,2.8,overcast clouds
568,Chernyshevskiy,RU,63.0128,112.4714,-37.98,100,21,2.95,few clouds
569,Mecca,SA,21.4267,39.8261,73.85,75,1,3.09,clear sky
570,Yeppoon,AU,-23.1333,150.7333,80.38,68,72,13.29,broken clouds
571,Solenzo,BF,12.1833,-4.0833,76.87,13,9,5.39,clear sky
572,Kyzyl,RU,51.7,94.45,-5.4,98,93,0.58,overcast clouds
573,Deniliquin,AU,-35.5333,144.9667,67.21,48,100,13.02,light rain
574,Bertoua,CM,4.5833,13.6833,72.72,68,100,1.61,overcast clouds
575,Vestmannaeyjar,IS,63.4427,-20.2734,44.17,74,100,18.95,overcast clouds
576,Ramnagar,IN,29.4,79.1167,59.22,62,49,5.73,scattered clouds
577,Zahir Pir,PK,28.8124,70.524,59.5,26,0,6.89,clear sky
578,Ranong,TH,9.9658,98.6348,73.33,85,96,6.51,overcast clouds
579,Basar,IN,27.9833,94.6667,53.64,86,68,2.42,broken clouds
580,Tacoronte,ES,28.4769,-16.4102,64.8,74,40,10.0,scattered clouds
581,Beipiao,CN,41.7919,120.7792,33.4,44,98,15.61,overcast clouds
582,Esperance,AU,-33.8667,121.9,64.24,67,90,12.33,overcast clouds
583,Hasaki,JP,35.7333,140.8333,46.8,61,100,10.16,overcast clouds
584,Pyshma,RU,56.9523,63.2513,24.28,93,100,4.16,overcast clouds
585,Karratha,AU,-20.7377,116.8463,91.27,25,37,17.0,scattered clouds
586,Labrea,BR,-7.2586,-64.7981,74.98,97,97,0.65,moderate rain
587,Wairoa,NZ,-39.0333,177.3667,79.56,52,89,3.0,overcast clouds
588,Novopokrovka,UA,49.8425,36.5477,28.78,77,100,4.56,overcast clouds
589,Bourail,NC,-21.5667,165.4833,85.77,58,25,3.11,scattered clouds
590,Pakokku,MM,21.3333,95.1,68.09,80,3,1.92,clear sky
591,Channapatna,IN,12.65,77.2167,71.73,79,92,3.53,overcast clouds
592,Kavaratti,IN,10.5669,72.642,80.8,71,66,12.66,broken clouds
593,Arawa,PG,-6.2132,155.5367,85.41,71,100,2.37,overcast clouds
594,Pangai,TO,-19.8,-174.35,84.31,65,20,16.11,few clouds
595,Rodney,CA,42.5668,-81.6831,33.73,83,100,14.09,snow
596,Sharlyk,RU,52.9167,54.75,27.07,93,100,5.84,light snow
597,Ipixuna,BR,-1.7625,-48.8043,75.15,93,90,1.92,overcast clouds
598,Saint-Georges,GD,12.0564,-61.7485,80.28,78,20,20.71,few clouds
599,Do Gonbadan,IR,30.3586,50.7981,44.69,76,0,0.0,clear sky
600,Qingdao,CN,36.0986,120.3719,40.6,100,46,6.71,mist
601,Kainantu,PG,-6.2887,145.8655,75.36,56,69,1.28,broken clouds
602,Shelburne,CA,44.0787,-80.2041,30.27,96,100,18.48,light snow
603,Neftcala,AZ,39.3742,49.2472,54.0,56,100,9.28,overcast clouds
604,Cori,IT,41.6444,12.9128,46.15,81,65,2.98,light rain
605,Parana,AR,-31.732,-60.5238,78.55,62,73,13.49,broken clouds
606,Camacha,PT,33.0833,-16.3333,62.02,59,75,16.11,broken clouds
607,Itupiranga,BR,-5.1347,-49.3267,75.81,90,99,1.81,overcast clouds
608,Bassila,BJ,9.0081,1.6654,76.95,23,97,4.34,overcast clouds
609,Luangwa,ZM,-15.6167,30.4167,83.95,31,74,1.45,broken clouds
610,Toamasina,MG,-18.1667,49.3833,71.6,94,21,0.0,few clouds
611,Verkhnevilyuysk,RU,63.4453,120.3167,-31.05,95,32,5.12,scattered clouds
612,Palamos,ES,41.8484,3.1291,50.11,58,17,6.78,few clouds
613,Ravar,IR,31.2656,56.8055,51.49,36,100,3.29,overcast clouds
614,Belyy Yar,RU,53.6039,91.3903,9.86,87,66,4.47,mist
615,Chikwawa,MW,-16.0335,34.8009,80.13,51,68,0.76,broken clouds
616,Nkhotakota,MW,-12.9274,34.2961,79.14,66,50,14.0,scattered clouds
617,Labuhan,ID,-6.8844,112.2051,80.19,76,100,6.8,overcast clouds
618,Bako,ET,5.7833,36.5667,65.14,53,49,4.32,scattered clouds
619,Jiaojiang,CN,28.6803,121.4428,48.99,80,1,4.63,clear sky
620,Truth Or Consequences,US,33.1284,-107.2528,70.03,18,1,10.36,clear sky
621,Pacocha,PE,-17.5833,-71.3333,66.22,85,100,1.16,overcast clouds
622,Macusani,PE,-14.0833,-70.4333,41.13,83,100,4.25,light rain
623,Coahuayana,MX,18.7333,-103.6833,89.08,78,96,3.38,overcast clouds
624,Havre-Saint-Pierre,CA,50.2334,-63.5986,23.59,53,90,18.41,overcast clouds
625,West Wendover,US,40.7391,-114.0733,51.01,37,1,5.75,clear sky
626,Oliveira Dos Brejinhos,BR,-12.3169,-42.8961,71.76,82,90,4.09,light rain
627,Poso,ID,-1.3959,120.7524,82.06,72,100,1.32,overcast clouds
628,Acapulco,MX,16.8634,-99.8901,84.02,74,1,5.75,clear sky
629,Jaboticabal,BR,-21.2547,-48.3222,74.73,83,40,3.02,scattered clouds
630,Muroto,JP,33.2833,134.15,44.64,61,97,6.26,overcast clouds
631,Okhotsk,RU,59.3833,143.3,-11.09,88,19,13.15,few clouds
632,Imbituba,BR,-28.24,-48.6703,73.81,94,100,11.32,light rain
633,Domokos,GR,39.1272,22.3003,48.78,76,35,4.16,scattered clouds
634,Logan,US,41.7355,-111.8344,51.48,36,1,12.66,clear sky
635,Tumut,AU,-35.3,148.2167,65.39,44,100,7.54,overcast clouds
636,Jawar,IN,23.0,76.5,64.58,52,84,6.04,broken clouds
637,Mohpa,IN,21.3167,78.8167,61.95,58,0,4.09,clear sky
638,Boddam,GB,57.4667,-1.7833,35.11,73,51,14.61,broken clouds
639,Lang Suan,TH,9.9456,99.0785,73.49,79,87,8.99,overcast clouds
640,Jiayuguan,CN,39.8167,98.3,22.53,57,22,2.33,few clouds
641,Morant Bay,JM,17.8815,-76.4093,82.02,84,49,10.65,scattered clouds
642,Bilma,NE,18.6853,12.9164,64.63,19,68,6.78,broken clouds
643,Oktyabrskiy,RU,54.4815,53.471,26.08,89,100,4.23,overcast clouds
644,Sao Joao Da Ponte,BR,-15.9292,-44.0078,67.86,91,5,2.19,clear sky
645,Miyakonojo,JP,31.7333,131.0667,44.22,69,67,2.66,broken clouds
646,Kozhva,RU,65.1073,57.0459,-1.98,99,98,3.78,overcast clouds
647,Mpika,ZM,-11.8343,31.4529,66.24,60,28,4.16,scattered clouds
648,Solnechnyy,RU,50.7214,136.6319,14.74,89,86,4.03,overcast clouds
649,Ukiah,US,39.1502,-123.2078,75.13,43,1,6.91,clear sky
650,Laguna,US,38.421,-121.4238,66.24,82,75,3.44,broken clouds
651,Orocue,CO,4.7912,-71.3354,79.83,67,93,5.59,overcast clouds
652,Belaya Gora,RU,68.5333,146.4167,-28.59,94,100,2.1,overcast clouds
653,Matai,TZ,-8.3,31.5167,63.97,75,81,7.25,broken clouds
654,Montes Altos,BR,-5.8333,-47.0667,73.9,93,85,3.24,overcast clouds
655,Gigant,RU,46.5066,41.3419,38.95,80,75,6.31,broken clouds
656,Lima,PE,-12.0432,-77.0282,69.91,77,75,16.11,broken clouds
657,Baykit,RU,61.67,96.37,-10.37,96,100,3.22,overcast clouds
658,Suntar,RU,62.1444,117.6319,-25.38,98,50,4.07,scattered clouds
659,Alofi,NU,-19.0595,-169.9187,80.49,78,76,16.11,light rain
660,Praya,CV,14.9215,-23.5087,72.14,83,0,18.41,clear sky
661,Lahat,ID,-3.8,103.5333,74.17,93,99,1.5,overcast clouds
662,Tianpeng,CN,30.9866,103.9393,56.62,64,69,2.77,broken clouds
663,Huilong,CN,31.8111,121.655,55.04,75,0,4.83,clear sky
664,Ketchikan,US,55.3422,-131.6461,30.67,80,90,0.0,overcast clouds
665,Baglung,NP,28.2719,83.5898,53.53,65,0,6.31,clear sky
666,Sisophon,KH,13.5859,102.9737,61.79,82,64,6.67,broken clouds
667,Rehoboth,NA,-23.3167,17.0833,60.42,26,0,2.89,clear sky
668,Zolochiv,UA,49.806,24.8944,32.49,98,100,3.47,overcast clouds
669,Esna,EG,25.2934,32.554,55.42,46,94,8.12,overcast clouds
670,Almaznyy,RU,48.0448,40.045,33.94,95,100,2.55,overcast clouds
671,Radishchevo,RU,52.85,47.8833,24.71,91,36,4.41,scattered clouds
672,Hashtrud,IR,37.4779,47.0508,38.66,33,99,8.61,overcast clouds
673,Carroll,US,39.5501,-77.0164,46.72,50,90,1.01,overcast clouds
674,Fort Nelson,CA,58.8053,-122.7002,-17.01,76,20,5.75,few clouds
675,Ouahigouya,BF,13.5828,-2.4216,76.17,13,4,9.73,clear sky
676,Dubti,ET,11.7361,41.0853,72.0,61,0,9.75,clear sky
677,Gizo,SB,-8.103,156.8419,84.27,70,100,4.79,light rain
678,Sibu,MY,2.3,111.8167,75.51,100,40,1.99,moderate rain
679,Guane,CU,22.2025,-84.0875,72.36,76,13,4.81,few clouds
680,Omsukchan,RU,62.5333,155.8,-32.91,99,59,3.76,broken clouds
681,Rio Grande,BR,-32.035,-52.0986,66.65,83,18,12.01,few clouds
682,Guerrero Negro,MX,27.9769,-114.0611,65.71,75,0,15.66,clear sky
683,Carauari,BR,-4.8828,-66.8958,74.64,97,92,1.97,moderate rain
